<application>
  <component name="CodeFoldingSettings">
    <option name="COLLAPSE_IMPORTS" value="false" />
    <option name="COLLAPSE_FILE_HEADER" value="false" />
  </component>
  <component name="CodeInsightSettings">
    <option name="REFORMAT_ON_PASTE" value="1" />
    <option name="INDENT_TO_CARET_ON_PASTE" value="true" />
  </component>
  <component name="EditorSettings">
    <option name="USE_SOFT_WRAPS" value="MAIN_EDITOR:CONSOLE" />
    <option name="STRIP_TRAILING_SPACES" value="Whole" />
    <option name="IS_RIGHT_MARGIN_SHOWN" value="false" />
  </component>
</application>