<application>
  <component name="FileTypeManager" version="18">
    <ignoreFiles list="*$py.class;*.pyc;*.pyo;*.rbc;*.yarb;*~;.DS_Store;.git;.hg;.svn;CVS;__pycache__;_svn;vssver.scc;vssver2.scc" />
    <extensionMap>
      <mapping pattern="BUILD" type="AUTO_DETECTED" />
      <mapping pattern=".env.development.local" type="PLAIN_TEXT" />
      <mapping pattern=".env.local" type="PLAIN_TEXT" />
      <mapping pattern="remote" type="PLAIN_TEXT" />
      <mapping pattern=".env.playground" type="PLAIN_TEXT" />
      <mapping pattern="OWNERS" type="PLAIN_TEXT" />
      <mapping ext="pex" type="Stylus" />
      <removed_mapping pattern=".env" approved="true" type=".env file" />
      <mapping ext="gradle.kts" type="Kotlin" />
      <mapping ext="main.kts" type="Kotlin" />
    </extensionMap>
  </component>
</application>