<application>
  <component name="FindSettings">
    <option name="customScope" value="All Places" />
    <option name="defaultScopeName" value="All Places" />
    <option name="SEARCH_SCOPE" value="All Places" />
    <option name="FILE_MASK" value="*yml" />
    <mask>*.properties</mask>
    <mask>*.html</mask>
    <mask>*.jsp</mask>
    <mask>*.xml</mask>
    <mask>*.java</mask>
    <mask>*.js</mask>
    <mask>*.as</mask>
    <mask>*.css</mask>
    <mask>*.mxml</mask>
    <mask>*.rb</mask>
    <mask>*spec.rb</mask>
    <mask>!index</mask>
    <mask>build</mask>
    <mask>*.go</mask>
    <mask>BUILD.bazel</mask>
    <mask>*.proto</mask>
    <mask>!*test*, !*pb.go, !*mock*</mask>
    <mask>*proto</mask>
    <mask>!*test*</mask>
    <mask>BUILD</mask>
    <mask>*.yml</mask>
    <mask>*BUILD</mask>
    <mask>*.py</mask>
    <mask>*init*</mask>
    <mask>*job.yml</mask>
    <mask>dag.*</mask>
    <mask>*yaml</mask>
    <mask>dag.py</mask>
    <mask>*yml</mask>
  </component>
</application>