<keymap version="1" name="Mac OS X 10.5+ copy" parent="Mac OS X 10.5+">
  <action id="Arrangement.Rule.Add">
    <keyboard-shortcut first-keystroke="ctrl enter" />
  </action>
  <action id="BaseOnThisFunction" />
  <action id="ChangesView.GroupBy.Directory" />
  <action id="Console.TableResult.Reload" />
  <action id="CopyPaths" />
  <action id="DatabaseView.CopyDdlAction" />
  <action id="Debug">
    <keyboard-shortcut first-keystroke="ctrl d" />
    <keyboard-shortcut first-keystroke="ctrl meta alt d" />
  </action>
  <action id="FileChooser.NewFolder" />
  <action id="FileChooser.TogglePathShowing" />
  <action id="FileStructurePopup">
    <keyboard-shortcut first-keystroke="meta r" />
  </action>
  <action id="FindUsages">
    <keyboard-shortcut first-keystroke="meta u" />
  </action>
  <action id="Generate">
    <keyboard-shortcut first-keystroke="ctrl enter" />
  </action>
  <action id="GotoDeclaration">
    <mouse-shortcut keystroke="meta button1" />
    <mouse-shortcut keystroke="button2" />
  </action>
  <action id="GotoSuperMethod" />
  <action id="InsertLiveTemplate" />
  <action id="Jdbc.OpenEditor.DDL">
    <mouse-shortcut keystroke="meta button1" />
    <mouse-shortcut keystroke="button2" />
  </action>
  <action id="NewElement">
    <keyboard-shortcut first-keystroke="ctrl enter" />
  </action>
  <action id="NewScratchFile" />
  <action id="NextDiff">
    <keyboard-shortcut first-keystroke="f7" />
    <keyboard-shortcut first-keystroke="meta n" />
  </action>
  <action id="NextSplitter">
    <keyboard-shortcut first-keystroke="ctrl meta l" />
  </action>
  <action id="ParameterInfo" />
  <action id="PrevSplitter">
    <keyboard-shortcut first-keystroke="ctrl meta h" />
  </action>
  <action id="PreviousDiff">
    <keyboard-shortcut first-keystroke="shift f7" />
    <keyboard-shortcut first-keystroke="shift meta n" />
  </action>
  <action id="QuickJavaDoc">
    <keyboard-shortcut first-keystroke="f1" />
    <mouse-shortcut keystroke="control button2" />
    <keyboard-shortcut first-keystroke="meta j" />
  </action>
  <action id="RecentFiles">
    <keyboard-shortcut first-keystroke="meta p" />
  </action>
  <action id="Refresh" />
  <action id="RemoteHost.NewRemoteItem">
    <keyboard-shortcut first-keystroke="ctrl enter" />
  </action>
  <action id="Replace" />
  <action id="Rerun" />
  <action id="RevealIn">
    <keyboard-shortcut first-keystroke="ctrl meta o" />
  </action>
  <action id="SplitHorizontally">
    <keyboard-shortcut first-keystroke="shift meta j" />
  </action>
  <action id="SplitVertically">
    <keyboard-shortcut first-keystroke="shift meta l" />
  </action>
  <action id="ToggleBookmark">
    <keyboard-shortcut first-keystroke="f3" />
    <keyboard-shortcut first-keystroke="meta b" />
  </action>
  <action id="ToggleLineBreakpoint">
    <keyboard-shortcut first-keystroke="meta f8" />
    <keyboard-shortcut first-keystroke="meta 8" />
  </action>
  <action id="TypeHierarchy" />
  <action id="TypeHierarchyBase.BaseOnThisType" />
  <action id="Unsplit">
    <keyboard-shortcut first-keystroke="ctrl c" />
  </action>
  <action id="UnsplitAll">
    <keyboard-shortcut first-keystroke="shift meta c" />
  </action>
  <action id="Vcs.Log.Refresh" />
  <action id="Vcs.ShowMessageHistory">
    <keyboard-shortcut first-keystroke="ctrl m" />
  </action>
  <action id="hg4idea.QRefresh" />
  <action id="org.jetbrains.plugins.ruby.rails.console.ReloadSources" />
  <action id="rspec.LetIntroduce">
    <keyboard-shortcut first-keystroke="shift meta alt r" />
  </action>
</keymap>