<keymap version="1" name="macOS copy" parent="Mac OS X 10.5+">
  <action id="Console.TableResult.Reload" />
  <action id="CopyAbsolutePath" />
  <action id="CopyPaths" />
  <action id="DatabaseView.CopyDdlAction">
    <keyboard-shortcut first-keystroke="shift meta alt g" />
  </action>
  <action id="EditorToggleShowWhitespaces">
    <keyboard-shortcut first-keystroke="shift meta w" />
  </action>
  <action id="FileChooser.TogglePathShowing" />
  <action id="FileStructurePopup">
    <keyboard-shortcut first-keystroke="meta r" />
  </action>
  <action id="FindUsages">
    <keyboard-shortcut first-keystroke="alt f7" />
    <keyboard-shortcut first-keystroke="meta u" />
  </action>
  <action id="Github.PullRequest.Comments.Reload" />
  <action id="Github.PullRequest.Details.Reload" />
  <action id="GotoSuperMethod" />
  <action id="Jdbc.OpenConsole.New" />
  <action id="Jdbc.OpenConsole.New.Generate" />
  <action id="NextSplitter">
    <keyboard-shortcut first-keystroke="ctrl meta l" />
  </action>
  <action id="ParameterInfo" />
  <action id="PrevSplitter">
    <keyboard-shortcut first-keystroke="shift alt tab" />
    <keyboard-shortcut first-keystroke="ctrl meta h" />
  </action>
  <action id="RecentFiles">
    <keyboard-shortcut first-keystroke="meta p" />
  </action>
  <action id="Refresh" />
  <action id="RemoteHostView.CopyPaths" />
  <action id="Replace" />
  <action id="Rerun" />
  <action id="RevealIn">
    <keyboard-shortcut first-keystroke="ctrl meta o" />
  </action>
  <action id="SplitVertically">
    <keyboard-shortcut first-keystroke="shift meta l" />
  </action>
  <action id="Svn.RefreshWorkingCopies" />
  <action id="SwitcherIterateItems" />
  <action id="SwitcherRecentEditedChangedToggleCheckBox" />
  <action id="UnsplitAll">
    <keyboard-shortcut first-keystroke="shift meta c" />
  </action>
  <action id="Vcs.Log.Refresh" />
  <action id="WelcomeScreen.CopyProjectPath" />
  <action id="org.intellij.plugins.markdown.ui.actions.styling.InsertImageAction" />
  <action id="org.intellij.plugins.markdown.ui.actions.styling.ToggleCodeSpanAction" />
</keymap>